,municipality,year,nedskrapning,skadegorelse,berusade_personer_utomhus,narkotikapaverkade_personer_utomhus,bostader_tillhall_for_alkoholmissbrukare,bostader_tillhall_for_narkotikamissbrukare,observerat_narkotikaforsaljning_i_omradet,folk_brakar_och_slass_utomhus,kvinnor_antastas,ungdomsgang_brakar_och_stor_ordningen,bilarna_kor_for_fort,buskorning_med_mopeder_mc,trafikregler_respekteras_inte,under_sen_12_man_varit_utsatt_for_fysiskt_vald,utsatt_for_stold,utsatts_for_skadegorelse,andel_utsatts_for_minst_ett_mangdbrott,utsatts_for_bedrageri,utsatts_for_hot,andel_inte_varit_utsatt_for_nagot_som_helst_brott,anmalningsgrad,att_du_oroat_dig_for_inbrott_i_bostaden,att_du_oroat_dig_for_inbrott_i_forrad,oro_for_att_din_bil_mc_moped_eller_cykel_,oro_for_overfallen/misshandlad_i_omradet,andel_varit_orolig_for_nagon_typ_av_brott,trygg_ute_ensam_sen_kvall,otrygg_ute_ensam_sen_kvall,radd_for_speciella_personer_i_egna_bostadsomradet_,restaurang_bar_eller_disco,sportevenemang,foreningsmoten_kurser_och_liknande,åka_buss_eller_tag,andel_avstatt_fran_nagon_typ_av_aktivitet,polisen_bryr_sig_om_de_lokala_problemen,polisen_bryr_sig_inte_om_de_lokala_problemen,relationskvot,boende_skulle_ej_agera_vid_slagsmal,svag_sammanhallning_i_bostadsomradet
0,Helsinborg,2024,40.17,35.35,16.86,18.44,7.96,9.84,18.69,11.36,6.82,23.68,50.83,33.23,29.42,1.34,9.34,7.56,15.12,5.2,5.36,74.59,36.29,41.64,47.3,54.58,30.69,70.29,54.32,31.64,10.42,10.63,7.37,3.33,13.7,21.11,53.56,10.96,20.47,21.65,14.33
1,Helsinborg,2023,42.11,39.27,16.53,18.59,8.28,10.0,18.28,12.72,7.97,28.23,51.63,33.07,31.35,1.35,9.59,8.79,16.18,4.67,5.31,74.09,37.86,42.27,47.51,54.89,31.86,70.48,53.93,31.76,10.9,9.4,7.35,3.4,14.02,20.47,53.98,11.24,20.83,19.76,14.55
2,Helsinborg,2022,42.81,43.41,15.21,13.94,5.72,6.72,16.82,13.95,8.16,30.95,54.8,36.37,35.92,0.77,10.87,8.45,16.55,3.85,7.27,73.38,36.77,49.19,51.25,57.97,33.95,73.54,48.78,33.59,10.21,11.09,7.37,3.56,15.63,22.61,51.26,11.97,23.35,22.58,15.45
3,Helsinborg,2021,43.09,41.39,19.36,21.74,7.18,10.74,20.72,17.08,10.05,31.35,56.43,38.84,37.04,0.41,14.24,9.22,19.12,4.97,8.79,73.11,39.54,45.33,50.23,57.68,33.04,73.58,50.3,33.97,11.37,9.37,6.49,3.56,15.33,20.3,54.6,14.74,27.0,21.27,12.49
4,Helsinborg,2020,45.01,40.28,19.22,21.68,10.03,10.77,16.98,13.28,10.18,30.67,58.85,36.39,35.2,0.69,11.03,8.27,16.79,4.86,5.14,73.24,39.05,46.09,52.24,58.77,33.98,76.03,46.67,36.16,11.21,10.55,5.18,3.4,16.22,21.16,49.56,13.01,26.24,22.88,16.42
6,Helsinborg,2019,39.23,39.32,19.06,19.13,8.44,10.01,,14.03,11.01,26.64,59.54,34.85,40.55,1.37,9.94,10.61,18.66,6.24,4.84,71.79,33.07,48.88,54.95,57.55,36.09,72.85,51.92,33.41,9.92,10.12,7.48,4.04,12.76,20.4,50.19,12.99,25.88,19.87,17.27
7,Helsinborg,2018,41.83,37.43,18.61,19.96,7.94,9.83,,14.77,9.35,28.26,55.28,36.85,34.08,1.83,13.75,11.65,21.79,5.45,5.73,70.28,37.85,51.11,56.78,56.78,37.97,77.03,49.16,39.34,14.29,8.84,9.38,4.06,15.08,25.07,51.27,13.1,25.55,21.18,16.79
8,Helsinborg,2017,45.63,39.78,19.38,17.65,8.07,9.16,,15.53,12.72,34.01,52.67,36.93,35.04,2.25,16.45,12.04,25.36,7.08,6.82,65.96,43.46,53.99,56.18,61.39,37.04,78.54,45.79,40.5,14.35,11.47,13.57,6.11,17.92,28.06,43.86,15.23,34.73,22.59,17.18
9,Helsinborg,2016,42.09,40.93,22.05,17.86,8.89,9.9,,15.86,8.97,32.46,53.38,38.0,35.56,1.36,13.61,11.35,20.35,5.35,7.43,69.15,38.41,53.25,51.99,59.67,41.95,77.59,44.98,39.21,14.01,10.77,12.34,4.86,13.72,25.94,47.22,15.32,32.45,,
10,Helsinborg,2015,36.73,36.66,15.62,12.53,6.21,6.2,,9.81,6.07,18.73,45.73,32.1,23.44,1.82,14.56,13.56,25.42,6.09,5.56,69.6,45.26,48.38,53.46,55.22,33.11,75.28,57.9,28.66,8.1,6.57,8.52,3.88,10.21,19.97,48.62,11.1,22.83,,
11,Helsinborg,2013,39.01,34.14,16.9,9.79,5.36,4.58,,9.87,7.19,21.01,44.69,30.6,27.55,1.25,8.64,9.97,15.95,4.18,6.78,71.82,37.4,40.17,41.19,48.52,26.28,66.47,59.6,25.14,6.53,6.05,5.87,2.44,8.69,14.5,36.48,15.89,43.55,,
12,Helsinborg,2012,41.1,37.88,16.46,11.33,7.39,7.7,,10.5,7.11,21.41,46.12,31.5,22.47,1.7,16.51,11.48,24.91,,,69.65,44.35,44.62,45.28,53.35,27.8,71.68,53.03,30.36,6.92,5.05,3.6,3.56,9.34,15.28,43.84,12.47,28.44,,
13,Helsinborg,2011,37.78,45.52,17.76,11.06,5.39,5.73,,12.5,5.29,25.15,48.65,38.5,28.69,2.49,16.22,8.71,24.4,,,65.14,41.77,49.54,46.14,55.46,27.7,72.4,61.48,28.96,10.89,7.35,6.38,2.43,9.46,16.92,40.43,12.66,31.32,,
14,Helsinborg,2010,39.17,44.91,15.78,11.52,4.96,4.45,,8.19,6.11,23.81,41.77,28.72,20.67,1.76,13.56,13.79,22.18,,,70.26,34.12,44.66,47.21,57.55,30.34,74.55,55.37,28.19,7.5,6.14,5.72,3.21,9.6,15.86,42.63,14.24,33.41,,
15,Helsinborg,2009,40.42,40.97,17.17,10.05,6.85,5.42,,8.38,4.31,17.54,44.4,38.02,27.58,5.01,14.44,15.03,27.01,,,66.71,41.62,52.31,48.36,59.51,36.01,77.14,52.82,31.25,8.99,7.48,5.73,2.79,6.37,16.64,44.92,14.09,31.37,,
16,Helsinborg,2008,42.61,48.88,18.12,11.35,8.66,7.22,,12.15,7.1,30.11,42.86,38.06,27.58,3.33,18.56,19.96,30.84,,,,,49.41,55.77,62.32,38.3,81.92,47.36,36.33,9.87,8.79,2.56,3.2,10.07,17.43,41.02,18.43,44.93,,
17,Helsinborg,2007,40.97,48.3,24.85,15.25,10.99,10.38,,16.44,10.21,29.66,48.88,43.68,26.18,3.21,19.22,19.25,33.33,,,,,53.09,53.25,58.88,29.27,76.96,56.77,29.66,10.2,6.54,4.77,2.36,9.43,16.15,38.04,14.66,38.54,,
0,Kristiansstad,2024,34.96,34.14,13.22,16.06,8.7,10.96,14.18,9.33,5.87,20.3,49.74,27.2,26.95,0.87,9.4,6.32,14.13,6.59,5.73,74.68,33.75,41.36,45.11,48.65,24.44,64.21,62.97,24.13,10.43,11.68,3.38,2.97,12.84,17.17,48.14,9.7,20.16,17.42,11.79
1,Kristiansstad,2023,35.47,29.42,10.91,15.38,8.74,9.55,14.03,9.89,7.26,20.8,47.9,21.82,26.85,0.79,5.98,6.09,11.02,3.76,4.5,79.39,42.56,42.63,41.25,50.2,24.24,65.5,59.43,28.31,10.09,9.84,4.55,3.01,14.93,20.68,48.84,10.23,20.94,16.04,9.88
2,Kristiansstad,2022,40.11,38.29,18.03,19.61,8.69,9.85,16.14,14.38,8.29,28.95,54.81,29.7,28.58,1.7,9.42,7.84,15.63,4.83,6.4,75.66,35.0,48.75,49.46,55.14,31.92,71.39,50.97,33.72,12.24,13.06,6.9,4.82,16.5,22.86,50.72,13.45,26.53,19.95,11.52
3,Kristiansstad,2021,42.7,38.34,17.07,17.84,6.03,9.4,14.96,13.15,8.72,27.31,52.74,27.28,29.0,1.17,8.14,6.4,13.44,4.46,5.62,77.31,43.2,47.39,46.51,51.12,30.87,68.01,52.76,35.1,9.08,15.48,5.71,5.93,18.65,23.71,50.34,14.09,28.0,17.42,11.34
4,Kristiansstad,2020,42.66,33.86,21.46,21.32,11.07,13.52,19.59,14.69,11.35,26.58,53.74,25.59,32.17,1.37,11.16,7.8,16.33,3.17,5.66,74.56,33.65,46.3,48.5,57.92,33.08,72.67,47.29,36.66,11.33,12.95,4.82,5.47,14.44,20.18,49.16,12.41,25.24,20.31,16.22
6,Kristiansstad,2019,41.37,34.67,16.0,16.32,7.47,10.14,,12.5,8.84,26.26,55.91,32.11,30.41,1.03,10.32,7.59,14.79,4.25,5.56,75.75,32.63,53.13,54.05,53.78,33.58,71.34,55.89,32.04,11.76,13.0,3.06,4.13,14.94,20.51,45.21,13.82,30.57,15.24,10.44
7,Kristiansstad,2018,36.14,32.1,14.26,14.55,6.78,8.63,,12.95,7.9,23.91,52.99,31.17,28.12,1.31,12.13,7.86,16.08,4.62,4.71,73.53,30.28,51.33,48.81,56.48,30.14,71.58,56.23,31.02,9.81,7.71,3.66,3.37,12.02,16.89,47.88,12.54,26.19,18.0,10.89
8,Kristiansstad,2017,35.64,30.51,12.99,14.22,6.96,8.11,,10.8,8.92,18.89,52.82,24.6,26.79,1.14,9.82,7.14,15.97,5.66,6.01,74.34,39.93,50.38,51.08,51.67,31.09,71.74,54.11,31.87,10.45,9.89,4.2,4.25,12.91,19.36,43.78,13.18,30.1,16.39,9.9
9,Kristiansstad,2016,36.23,32.34,16.42,12.59,7.7,9.7,,11.51,8.99,24.94,51.17,18.14,24.44,1.0,12.33,8.23,17.11,3.45,5.77,73.02,41.16,52.1,50.13,51.0,29.28,68.71,54.51,31.41,9.97,9.04,3.97,5.44,13.01,18.17,41.66,17.85,42.85,,
10,Kristiansstad,2015,28.94,24.95,12.96,9.33,5.08,4.95,,7.36,6.35,15.42,47.33,16.61,22.93,0.31,9.51,8.58,15.5,4.84,5.28,75.56,37.7,56.96,51.5,53.35,23.48,72.33,67.66,19.46,7.16,2.77,3.63,3.47,6.56,10.13,41.27,7.95,19.26,,
11,Kristiansstad,2013,31.77,27.36,14.48,9.88,5.55,5.39,,8.74,4.95,15.96,44.13,20.78,18.77,0.65,12.59,6.86,18.3,3.78,3.13,73.33,44.15,45.39,40.84,43.35,19.88,64.46,67.67,18.89,6.04,3.31,1.16,1.49,6.41,9.39,38.08,11.8,30.98,,
12,Kristiansstad,2012,31.78,29.2,12.38,6.34,3.42,4.46,,4.14,2.25,15.3,49.03,24.94,22.52,1.73,11.87,9.65,18.07,,,72.33,48.2,50.24,42.38,48.4,22.91,69.7,66.28,20.85,6.07,4.82,1.9,2.25,7.37,10.83,44.61,17.0,38.11,,
13,Kristiansstad,2011,36.32,31.47,13.66,7.83,4.52,5.65,,8.42,4.95,19.5,41.37,18.91,20.34,1.6,11.64,6.67,17.16,,,72.11,48.89,50.89,47.05,48.19,18.78,72.31,65.52,20.96,7.34,3.32,1.45,1.31,6.07,8.1,41.82,11.19,26.76,,
14,Kristiansstad,2010,35.59,34.35,17.01,10.52,6.92,10.09,,9.95,5.89,23.36,53.69,26.58,25.07,1.65,11.75,8.12,18.81,,,71.89,36.7,50.94,49.64,50.41,25.24,69.46,64.86,24.67,10.49,3.45,1.2,3.17,9.91,11.87,49.51,12.14,24.52,,
15,Kristiansstad,2009,30.78,32.36,16.02,9.61,6.66,6.98,,11.62,4.65,22.09,48.87,27.44,21.48,3.64,10.75,11.22,20.06,,,73.71,35.5,52.18,45.81,51.96,20.97,69.82,64.37,21.27,5.15,5.09,2.76,2.48,8.68,12.34,47.12,12.18,25.84,,
16,Kristiansstad,2008,29.23,42.14,19.58,11.72,6.97,7.57,,11.87,6.68,30.27,51.63,30.42,23.59,1.19,14.09,11.57,21.36,,,,,55.49,51.04,53.71,23.74,72.4,57.86,24.48,7.85,6.23,2.82,2.08,11.13,14.84,40.06,12.31,30.74,,
17,Kristiansstad,2007,32.5,37.5,17.08,7.92,6.25,7.92,,10.0,5.83,26.25,48.33,32.5,23.75,2.92,13.33,12.92,22.08,,,,,43.33,41.67,51.67,19.58,65.83,62.92,19.17,5.02,4.17,1.25,1.25,5.0,8.33,46.25,13.33,28.83,,
0,LandsKrona,2024,37.05,26.67,12.74,11.89,5.68,6.35,6.23,8.89,5.89,18.69,51.55,23.92,29.37,1.35,8.35,6.7,13.65,5.47,3.95,73.83,31.93,34.77,39.75,46.33,20.29,59.99,63.51,22.09,6.68,7.78,6.16,2.98,8.87,14.74,51.81,7.76,14.98,17.11,11.3
1,LandsKrona,2023,36.67,31.29,9.88,10.23,4.85,5.52,7.37,8.68,5.63,18.61,52.01,24.66,29.15,1.7,10.71,7.65,16.18,4.77,5.08,75.25,38.78,40.99,43.52,48.25,20.81,66.47,58.69,25.43,5.95,6.59,5.66,3.42,9.52,15.09,50.74,9.77,19.25,18.88,9.78
2,LandsKrona,2022,41.34,36.99,15.3,13.69,7.22,7.36,8.48,12.62,8.94,24.11,51.04,27.69,29.79,1.19,10.14,8.29,16.83,4.45,4.78,73.55,33.03,43.76,45.36,55.14,25.3,68.87,56.56,27.15,8.59,7.8,3.95,3.38,11.4,16.61,52.01,10.85,20.86,18.9,12.73
3,LandsKrona,2021,36.95,29.82,12.78,12.46,4.61,5.94,8.12,11.09,6.38,22.73,51.1,25.1,30.52,2.14,9.85,7.57,15.25,3.82,5.22,74.33,34.35,40.7,44.93,51.29,26.12,64.56,55.84,29.07,9.09,8.89,4.26,3.64,11.19,15.4,49.44,12.67,25.62,17.79,11.41
4,LandsKrona,2020,41.79,36.22,15.62,13.51,5.25,6.28,8.74,11.47,6.58,25.08,54.56,28.47,32.54,1.44,10.97,10.51,18.42,3.67,5.2,72.48,39.45,44.94,47.97,57.5,30.11,71.72,53.07,31.43,9.47,10.32,4.49,4.62,13.6,18.52,50.67,9.59,18.92,18.45,12.16
6,LandsKrona,2019,40.06,34.74,15.14,14.07,7.32,8.61,,12.4,8.39,23.81,54.76,28.34,34.78,1.2,12.06,7.26,17.2,3.69,6.13,74.08,31.98,48.5,50.88,58.98,31.19,74.94,54.28,32.91,12.29,11.46,5.46,5.55,14.4,20.28,49.17,14.42,29.32,19.15,13.08
7,LandsKrona,2018,37.31,35.22,13.94,11.37,6.21,6.26,,12.9,8.22,24.56,54.65,24.06,30.49,1.82,10.4,8.44,17.07,4.75,6.42,73.43,37.01,46.51,47.28,54.77,27.14,70.95,58.35,27.25,9.81,9.1,5.51,4.23,13.85,20.77,50.36,11.55,22.94,17.72,12.46
8,LandsKrona,2017,38.27,31.77,16.01,11.67,7.98,7.87,,12.94,7.64,23.48,52.51,26.88,33.13,1.45,12.16,10.02,18.83,3.69,5.2,72.3,38.17,48.6,48.26,55.19,28.99,71.85,57.35,30.0,9.81,8.51,4.84,4.8,10.61,16.75,47.76,13.89,29.08,20.71,13.47
9,LandsKrona,2016,36.01,33.66,18.21,13.58,7.22,7.61,,16.39,10.46,26.87,49.61,23.34,30.14,2.11,14.83,10.59,22.04,5.62,6.38,69.98,41.64,49.32,51.01,57.45,32.15,74.83,52.49,32.82,9.63,9.93,4.89,4.33,10.75,17.75,43.02,12.82,29.8,,
10,LandsKrona,2015,31.45,29.5,13.81,11.04,4.8,4.26,,12.54,8.11,19.29,50.16,25.4,28.42,2.77,13.78,9.52,22.03,4.33,5.57,67.68,27.69,53.0,57.23,60.18,32.14,78.3,55.71,32.25,11.53,8.87,8.11,4.29,9.01,15.12,49.81,11.99,24.06,,
11,LandsKrona,2013,31.45,33.43,12.83,7.8,3.78,3.78,,9.9,5.91,16.24,48.46,25.2,22.9,0.12,14.52,9.44,19.05,3.05,2.57,70.5,36.73,41.23,47.47,51.87,23.43,71.48,58.95,27.26,6.75,7.51,3.05,3.05,10.72,13.74,40.74,12.44,30.54,,
12,LandsKrona,2012,38.16,35.58,20.54,17.06,11.24,10.15,,15.42,13.2,26.78,53.1,26.57,33.71,1.76,16.86,8.23,22.36,,,68.58,44.3,51.91,55.75,58.42,29.55,75.66,54.83,32.1,8.41,12.29,3.47,7.89,13.85,20.26,50.89,11.58,22.76,,
13,LandsKrona,2011,37.8,35.76,17.26,13.55,9.8,7.56,,10.54,7.43,17.93,54.67,29.04,31.11,2.41,16.26,10.0,22.35,,,67.28,40.6,47.44,48.24,54.16,26.23,72.03,60.69,27.63,6.78,9.33,3.48,2.07,9.97,18.33,48.11,13.65,28.37,,
14,LandsKrona,2010,34.48,31.07,19.31,9.94,8.02,6.02,,10.49,7.59,20.33,51.54,22.76,29.15,2.43,17.64,8.02,21.63,,,68.28,47.41,48.31,45.66,55.35,28.24,70.63,54.7,28.96,7.98,10.13,2.98,3.74,9.55,18.04,43.41,11.72,27.01,,
15,LandsKrona,2009,37.2,34.03,16.61,10.44,8.18,5.37,,13.65,7.78,25.9,44.49,31.24,31.37,2.85,15.93,14.26,24.54,,,72.39,47.63,54.78,47.29,61.21,32.38,73.69,52.99,31.54,8.85,16.05,3.31,7.11,14.52,26.71,42.63,15.16,35.57,,
16,LandsKrona,2008,36.29,40.65,22.69,11.22,9.71,8.22,,18.67,12.21,39.16,49.02,41.43,32.24,4.26,18.34,22.19,30.5,,,,,48.78,47.02,60.05,36.08,73.65,45.93,39.37,10.87,12.46,3.91,5.27,11.98,22.55,38.32,20.82,54.35,,
17,LandsKrona,2007,31.65,40.72,21.67,11.21,9.34,6.23,,19.42,12.58,33.09,50.6,41.75,34.05,4.23,22.61,15.28,28.82,,,,,47.35,44.17,59.76,32.97,77.22,47.0,37.23,11.49,14.8,2.85,5.72,12.55,22.61,40.73,17.87,43.89,,
0,Lund,2024,35.14,30.51,11.41,10.59,5.91,5.99,8.66,7.11,6.19,15.77,32.83,14.65,18.07,1.25,9.23,5.99,14.57,4.89,3.74,78.33,40.99,41.58,37.88,53.47,25.71,68.49,70.6,19.01,7.12,5.26,3.08,2.05,7.85,11.23,48.46,7.08,14.62,17.88,12.2
1,Lund,2023,33.32,32.44,11.27,8.92,3.93,4.26,8.51,6.17,6.6,18.2,35.8,12.26,20.55,0.48,10.62,8.55,16.83,5.4,3.82,76.45,40.17,42.65,39.04,55.12,27.08,70.12,67.05,21.33,8.27,4.0,3.3,2.39,7.66,10.67,52.32,7.09,13.55,14.88,12.59
2,Lund,2022,34.38,32.58,13.23,11.29,5.42,5.5,9.28,9.49,8.34,19.67,35.18,14.95,20.33,1.14,10.9,6.44,16.09,4.35,4.12,76.83,42.5,45.85,41.23,56.49,29.0,72.73,65.33,21.79,9.25,5.68,2.14,1.95,8.52,11.64,48.45,9.51,19.63,15.6,13.69
3,Lund,2021,38.03,30.6,12.48,9.87,4.13,4.09,8.58,8.51,7.46,18.36,34.93,14.58,18.52,0.77,9.21,5.49,13.66,3.16,3.36,78.56,40.42,46.27,37.42,57.21,30.11,73.39,64.38,23.37,6.84,3.37,1.49,1.59,7.13,9.51,48.19,8.54,17.72,14.77,12.06
4,Lund,2020,36.03,36.27,11.57,8.76,4.22,4.6,7.28,8.61,7.68,23.99,36.98,18.97,21.23,1.11,9.78,7.83,15.49,3.85,3.86,75.45,43.97,50.9,42.49,56.46,28.67,74.09,64.33,23.87,8.0,5.84,2.23,2.12,9.98,12.41,48.25,8.13,16.85,16.78,12.66
5,Lund,2019,36.52,36.2,12.46,9.25,4.61,4.86,,7.6,8.55,21.01,38.17,15.38,22.08,0.85,10.27,7.34,16.15,4.94,4.41,76.44,41.81,53.54,42.92,60.68,31.91,76.68,63.77,25.97,8.05,6.73,3.23,3.38,9.7,13.69,47.33,9.57,20.21,15.09,13.31
6,Lund,2018,35.65,32.74,12.9,10.36,4.76,4.57,,6.83,8.8,17.04,37.05,13.88,20.35,1.33,10.75,8.75,17.67,4.7,4.37,75.8,42.21,49.28,41.5,55.12,26.03,73.73,68.96,20.79,8.5,5.25,2.72,2.27,8.63,12.19,44.74,10.36,23.16,15.53,13.54
7,Lund,2017,35.28,31.07,12.8,8.91,3.98,4.2,,7.32,7.92,19.86,39.45,13.6,22.24,1.94,11.5,8.99,18.94,5.07,4.8,76.06,44.01,50.15,42.63,57.28,28.35,73.93,65.48,24.01,7.82,5.04,2.75,2.42,8.29,11.96,43.18,11.25,26.05,14.63,14.14
8,Lund,2016,31.92,29.67,13.64,8.19,4.11,3.7,,6.48,7.88,16.03,37.16,13.53,22.06,1.2,12.72,8.5,19.07,5.89,5.84,74.31,42.75,52.61,45.75,57.18,29.49,75.69,65.78,23.32,6.33,4.93,2.58,1.64,8.44,11.81,41.29,11.26,27.26,,
9,Lund,2015,29.21,28.3,11.85,9.13,5.52,5.48,,6.29,7.45,12.17,34.4,10.87,19.78,1.19,11.61,8.52,17.96,4.89,5.27,75.29,40.08,51.21,45.53,55.17,23.21,76.17,70.16,19.9,5.57,4.61,4.14,2.6,6.93,11.78,45.72,10.06,22.01,,
10,Lund,2013,30.93,27.03,12.26,6.28,3.3,3.81,,5.64,5.04,14.63,36.35,13.5,20.96,1.71,13.57,8.75,20.45,6.32,3.82,73.51,52.32,46.04,41.63,55.23,22.23,75.04,71.9,18.05,5.61,3.53,1.32,1.75,5.7,10.13,44.38,9.21,20.75,,
11,Lund,2012,34.69,27.51,16.61,7.88,3.78,2.98,,6.35,7.49,14.08,37.19,13.72,19.8,0.9,16.24,6.63,20.26,,,73.5,55.96,47.75,41.03,59.18,25.43,77.42,69.56,20.23,6.17,4.05,3.04,2.3,6.12,9.4,43.22,8.7,20.14,,
12,Lund,2011,30.6,32.0,14.86,8.37,4.79,3.86,,6.67,6.08,15.51,34.02,14.4,17.64,1.18,13.7,9.06,19.79,,,75.41,43.36,51.85,43.22,54.96,22.57,74.15,70.89,19.18,7.25,3.25,1.38,1.26,7.23,9.56,40.68,8.76,21.55,,
13,Lund,2010,30.23,33.22,13.26,9.22,5.04,4.38,,7.31,5.84,16.3,35.3,14.0,17.88,0.73,14.56,11.09,22.28,,,70.8,44.24,50.11,46.2,56.45,26.55,77.57,69.08,17.23,6.89,3.62,1.57,1.64,7.19,9.45,43.71,11.19,25.6,,
14,Lund,2009,31.4,32.06,15.88,8.3,3.73,3.12,,8.76,6.66,18.04,31.04,15.21,16.61,2.58,18.28,11.06,26.03,,,71.88,37.24,50.06,41.25,61.85,24.38,76.1,70.59,18.34,5.44,3.97,1.5,1.24,5.74,8.8,39.13,13.29,33.97,,
15,Lund,2008,37.46,40.49,15.6,8.35,5.02,4.77,,6.4,7.78,19.8,36.55,18.84,20.29,1.79,17.86,15.45,29.19,,,,,45.63,39.16,58.44,26.42,74.26,63.19,25.03,5.62,5.18,2.04,2.5,7.4,10.88,37.44,13.36,35.68,,
16,Lund,2007,31.24,39.53,12.46,7.51,5.78,4.53,,8.02,8.25,17.7,35.05,23.55,20.01,2.28,17.27,15.33,27.86,,,,,44.17,40.37,53.18,21.53,70.69,69.62,17.09,5.38,3.16,0.54,0.68,5.48,7.68,40.31,8.08,20.04,,
0,Malmö,2024,43.65,35.12,18.31,18.39,7.47,10.17,19.19,15.27,8.51,26.41,48.91,26.51,31.19,1.37,11.74,8.5,18.04,5.0,5.36,74.82,37.24,37.46,45.26,56.83,32.5,71.31,59.02,27.93,10.88,8.74,6.75,3.21,11.36,17.17,56.9,10.04,17.65,21.59,16.02
1,Malmö,2023,47.61,37.04,17.84,18.85,7.49,9.76,20.27,13.33,8.91,25.33,49.82,26.89,31.69,1.38,12.49,8.92,19.25,5.46,5.1,71.92,36.1,39.67,46.13,58.09,31.48,72.72,59.21,28.7,10.89,6.86,5.2,3.04,11.53,16.56,52.86,11.65,22.03,20.96,16.88
2,Malmö,2022,47.42,38.44,19.9,20.9,7.94,9.16,20.59,16.86,13.11,29.93,48.42,26.21,32.4,1.25,12.29,9.68,19.26,6.3,5.89,71.12,36.47,39.75,44.86,61.18,35.49,73.81,56.15,31.59,11.81,8.97,4.6,3.58,13.7,18.0,55.69,11.71,21.03,20.73,16.81
3,Malmö,2021,48.22,37.13,19.24,19.71,8.5,10.0,20.87,14.86,11.44,28.26,46.74,26.98,32.65,1.63,11.44,8.63,17.96,6.11,6.15,74.53,36.47,40.54,44.82,57.98,34.67,71.81,53.29,32.52,10.82,8.38,4.14,2.97,13.68,17.19,54.0,11.34,21.0,21.25,16.19
4,Malmö,2020,48.42,38.04,18.34,18.94,7.65,8.93,19.86,14.78,11.69,27.57,50.19,30.04,33.08,1.57,12.28,10.38,19.87,5.78,6.6,70.2,37.57,41.85,45.97,58.02,37.63,73.48,52.08,33.45,10.13,9.49,4.96,4.81,14.44,18.91,54.37,10.76,19.79,21.34,16.12
6,Malmö,2019,47.15,39.31,20.91,22.75,8.88,11.64,,17.83,12.9,29.8,52.06,28.34,35.1,1.6,13.59,9.35,20.14,5.66,5.88,71.77,38.17,43.92,48.98,58.33,38.81,74.45,51.24,35.18,13.24,9.93,5.52,4.61,12.29,17.72,53.63,12.15,22.66,20.59,18.45
7,Malmö,2018,48.09,40.81,19.31,21.58,9.1,11.19,,16.62,13.78,28.92,51.89,27.66,35.83,2.17,12.45,10.64,21.0,6.67,7.16,70.12,38.1,46.52,49.74,59.55,39.39,75.4,50.46,37.35,12.66,9.64,5.09,3.81,13.16,19.11,51.92,13.43,25.86,21.02,17.01
8,Malmö,2017,47.16,39.82,21.2,21.7,9.84,11.24,,16.92,12.84,31.04,51.69,25.74,36.51,1.88,13.75,11.81,22.01,5.29,6.74,70.05,36.67,47.13,53.0,61.9,42.2,78.14,47.5,38.79,13.06,10.03,6.83,5.52,13.95,20.67,49.83,14.14,28.37,22.66,18.44
9,Malmö,2016,43.3,41.31,20.94,21.57,8.34,9.93,,17.42,11.99,28.48,49.56,24.59,32.68,2.01,13.33,10.63,21.13,5.64,5.66,68.84,40.35,45.33,52.18,61.42,40.77,77.0,49.6,36.22,13.2,8.27,6.44,4.26,11.66,17.99,46.12,14.9,32.3,,
10,Malmö,2015,38.89,35.06,19.22,18.12,8.61,8.98,,15.2,8.56,24.13,46.44,21.75,32.12,1.95,14.94,11.05,22.86,5.39,6.44,69.47,39.62,44.0,50.99,58.14,36.52,75.72,54.39,30.89,10.51,8.3,7.04,4.06,11.91,18.21,48.63,11.64,23.94,,
11,Malmö,2013,45.55,44.6,22.06,21.7,9.35,11.56,,20.9,10.92,33.82,45.81,34.59,31.85,2.16,14.9,10.98,22.59,4.87,6.89,68.11,40.53,40.65,44.64,57.07,37.05,72.23,48.56,36.62,13.11,6.22,3.36,3.26,9.57,15.15,49.64,13.56,27.32,,
12,Malmö,2012,45.63,43.93,21.75,19.1,9.97,10.78,,20.54,11.45,33.32,44.54,32.72,31.28,2.24,15.85,12.94,24.94,,,68.56,42.2,44.69,49.5,61.48,38.71,76.93,49.21,36.18,13.44,8.33,4.15,4.34,11.31,17.0,48.26,14.44,29.93,,
13,Malmö,2011,50.25,48.0,25.94,21.57,11.86,11.05,,22.37,12.72,38.74,44.85,38.74,32.12,2.72,15.89,14.48,25.63,,,64.58,37.61,45.11,48.39,62.69,39.1,77.56,48.49,37.41,13.8,8.77,4.89,3.61,11.39,17.57,46.75,14.75,31.55,,
14,Malmö,2010,44.13,43.96,23.95,20.09,10.54,10.87,,20.81,11.54,35.76,45.49,36.1,30.64,3.38,17.21,13.77,27.49,,,64.31,38.78,44.66,49.51,62.62,44.56,79.18,45.99,40.83,13.73,10.97,5.89,6.1,14.94,22.11,51.16,13.12,25.64,,
15,Malmö,2009,45.64,43.53,22.71,18.23,9.73,9.6,,17.85,11.38,31.19,45.61,37.71,30.72,3.92,19.01,15.16,29.38,,,64.95,37.14,47.09,50.19,61.98,37.09,77.59,52.13,32.75,9.97,8.02,3.18,2.99,9.85,15.3,44.75,12.47,27.87,,
16,Malmö,2008,45.65,47.71,23.37,18.29,9.68,9.4,,20.78,16.25,38.77,47.43,33.45,31.62,4.21,20.48,20.24,32.75,,,,,46.59,50.07,63.27,41.34,78.81,47.54,38.0,9.65,7.59,2.49,3.35,9.89,15.06,41.22,14.83,35.97,,
17,Malmö,2007,46.04,45.5,23.39,18.1,11.5,10.8,,19.82,15.36,34.96,49.34,37.35,30.63,4.01,21.83,18.72,33.06,,,,,45.25,49.76,65.92,39.24,79.43,48.01,36.78,10.65,8.22,3.03,3.78,9.62,15.69,43.17,12.58,29.14,,
